{
  "id": "c3f3d316-7b9a-4a5d-9d3a-env-shipment",
  "name": "Shipment Backend - Local",
  "_postman_variable_scope": "environment",
  "_postman_exported_using": "v0",
  "_postman_exported_at": "2025-10-14T00:00:00.000Z",
  "values": [
    { "key": "baseUrl", "value": "http://localhost:3001/api", "type": "default", "enabled": true },
    { "key": "companyId", "value": "", "type": "default", "enabled": true },
    { "key": "accessGroupId", "value": "", "type": "default", "enabled": true },
    { "key": "moduleId", "value": "", "type": "default", "enabled": true },
    { "key": "portId", "value": "", "type": "default", "enabled": true },
    { "key": "cabinId", "value": "", "type": "default", "enabled": true },
    { "key": "payloadTypeId", "value": "", "type": "default", "enabled": true },
    { "key": "agentId", "value": "", "type": "default", "enabled": true },
    { "key": "userId", "value": "", "type": "default", "enabled": true },
    { "key": "currencyId", "value": "", "type": "default", "enabled": true },
    { "key": "currencyCode", "value": "SAR", "type": "default", "enabled": true },
    { "key": "rateId", "value": "", "type": "default", "enabled": true },
    { "key": "taxId", "value": "", "type": "default", "enabled": true }
  ]
}
